SPE1020115430,1
SPE1020115420,1
SPE1020115420,1
SPE1020115420,1
SPE1020115400,1
SPE1020115400,1
SPE1020115400,1
SPE1020115390,1
SPE1020115390,1
SPE1020115410,1
SPE1020115410,1
SPE1020115410,1
SPE1040038410,1
SPE1040038410,1
SPE1040038410,1
SPE1040038410,1
SPE1040038420,1
SPE1040038420,1
SPE1040038430,1
SPE1040038390,1
SPE1040038390,1
SPE1040038400,1
SPE1040038400,1
SPE1040038400,1
SPE130000036NS,24
SPE2010017XL,1
SPE2010017M,1
SPE2010017XL,1
SPE2010017XL,1
SPE2010017M,1
SPE2010017L,1
SPE2010017L,1
SPE2010017XXL,1
SPE2010017L,1
SPE2010017L,1
SPE2010017M,1
